intent,example_1,example_2,example_3,queue
activate_my_card,"I need to activate my card, how is that done?","My new card has arrived, what's the activation procedure?",I need to do a card activation.,
age_limit,As my kids get older are they able to get set up with their own accounts?,How old does my daughter have to be to open an account?,How old do I need to be?,
apple_pay_or_google_pay,I can't get google pay to work right.,"I got my American Express in Apple Pay, why is top up not working in my country?","I got my American Express in Apple Pay, why is top up not working correctly?",
atm_support,Can you tell me the ATMs I can use with my card?,I can use this card at which ATMs?,Where are the ATMs that accept this card?,
automatic_top_up,Are there any limit on the auto top-up?,I have a trip coming up and want to add money automatically.,Can I set it up to add money every few days automatically while I am traveling?,
balance_not_updated_after_bank_transfer,My transfer to my account is missing.,What is the normal time to make an international transfer? I made one a few days ago that still hasn't arrived.,Tell me why my balance did not change when I tranferred cash.,
balance_not_updated_after_cheque_or_cash_deposit,I did a cash deposit to my account but it doesn't show up,I deposited a cheque but the cash hasn't arrived yet,When will I receive the cash payment from the check I deposited?,
beneficiary_not_allowed,My transfer to a beneficiary was rejected.,Am I allowed to transfer money to a beneficiary?,Why was my transfer stopped ?,
cancel_transfer,I need to cancel a transaction immediately.,I entered a typo when I was transferring money and now I've sent it to an incorrect account.  This is so bad!  I need it cancelled now.,Please cancel the transfer I just made.  I put in the wrong account number and can't seem to stop it on the app.,
card_about_to_expire,I will need a new card because mine is almost expired.  How fast do I get a replacement and what is the cost?,"When will I get a new card when I order it, and how much will it cost.","My card's expiring a month from now, should I place an order for the new card?",
card_acceptance,Is there anywhere I can't use my card?,Is the card welcomed by everybody?,Can I use my card while on vacation overseas?,
card_arrival,"If I ordered my new card last week, how much longer should I wait to receive it?",Where is my new card if I haven't received it yet?,Is there a reason my new card hasn't arrived?,
card_delivery_estimate,When will my card come? I need it as soon as possible!,Send me my card now! ASAP,Can I get my card fast tracked?,
card_linking,if i found a lost card can i put it back in app,"I found my card in my jacket this morning, so can I reactivate it?",I want my card I just received to show up in the app. How do I do that?,
card_not_working,Something's wrong my card won't work.,Currently I can't get my card to work.,How do I fix a broken card?,
card_payment_fee_charged,You promised no fees but now I've got one. What the hell!?,Why was there an extra charge because I used my card to pay?,I saw a fee on my app from one of my payments and I wasn't sure where it came from. Is there a way you can tell me when there's an additional fee for my payments?,
card_payment_not_recognised,I believe there is a mistake because a payment I didn't make shows in my app.,I looked at my statement and found a payment I and found a mistake.,I didn't make this payment and it's on my app,
card_payment_wrong_exchange_rate,Why was the wrong rate applied when I bought something in a different currency?,"The exchange rate you're using is terrible - this can't be the official interbank exchange rate, can it?",Does the exchange rate change each day for purchases? There is a different rate on my purchase.,
card_swallowed,What do I do if the ATM took my card?,My card got stuck in an ATM.,how can the money machine keep my card what do i need to do?,
cash_withdrawal_charge,Why was there a fee on my cash withdrawal?,"Hello, I wanted to get some more information about ATM Withdraw Fee. I have been withdrawing money for years and notice this charge on my account. I always thought it was no fee since its you guys ATM company that I am withdrawing. Can you please explain?",Why did I get a fee from the ATM?,
cash_withdrawal_not_recognised,There has a recent suspicious withdrawal on my bank account. Is it possible to freeze my card?,I am seeing in the App a some cash withdrawal that I did not do,i didnt put that money in my account,
change_pin,If i want to change my pin number can I directly from an ATM?,I must change my PIN as soon as possible.,Where do I need to go to change my PIN?,
compromised_card,Somebody used my card without my knowledge!,I think someone is using my card without my permission!,How do I report possible fraudulent activity on my account?,
contactless_not_working,My contactless stopped working today no matter where I try to use it. How do I get it to start working again?,Contactless payments need to be enabled for my card.,My contactless is non-functional.,
country_support,Is it possible to get a card outside the UK?,Are cards issued to people living in the US?,I live in the EU - can I get a card?,
declined_card_payment,Why was my new card declined?,Why do you keep declining my payment? I tried several times already with this card and it is just not working.,Why would you decline my card?,
declined_cash_withdrawal,I am unable to get cash from the ATM,My ATM withdrawal was declined.,"Hello, is there any way to double check my card? I have never had issues with withdraws in the past, but this morning on the way to work it was unexpectedly declined.",
declined_transfer,How come my transfer got declined,I tried to transfer but it was declined,Why was one of my transfers declined?,
direct_debit_payment_not_recognised,what is this charge on my card?,"I'm checking my statements and I saw a purchase from a couple weeks ago that I don't recall at all. Not only that, but I don't even know the business that charged it. I'm not sure if I did it or not, but can we check it and see if we can trace it back to make certain?",I don't know what this Direct Debit payment on my account is for.,
disposable_card_limits,Am I limited on the amount of disposable cards I can possess?,What are some of the restrictions that the disposable cards have?,"i tried using a virtual card for a hotel but it didn't work, why not",
edit_personal_details,"Changed details is essential, what steps do I take to do so?",How can I change my information?,I would like to change my adress,
exchange_charge,is there a frequent currency discount?,Will I get charged on a foreign currencies exchange?,What are the currency exchange fees?,
exchange_rate,Where can I get your exchange rates from?,how do you get exchange rates,What is the exchange looking like?,
exchange_via_app,Can I use this app to exchange currencies?,How can I exchange USD and GBP in the app?,What if I need to use GBP instead of USD?,
extra_charge_on_statement,"There's an extra fee on my statement, why is that?",Why i'm I being charged an extra pound,What was the $1 charge for on my statement?,
failed_transfer,Why wouldn't a transfer go through?,Why was my transaction declined?,I believe that my transfer hasn't gone through.,
fiat_currency_support,Do you offer services that hold money in different types of currency?,How many different currencies can I have my money in?,Can you change my currency to EUR?,
get_disposable_virtual_card,Are there virtual disposable cards?,How can I go about getting a disposable virtual card?,What are the benefits of a disposable card?,
get_physical_card,can i create my own pin right away,I do not see the card PIN anywhere?,Where is the card PIN located?,
getting_spare_card,How do I obtain a second card?,Can I have a duplicate second card?,Can I get more cards just incase?,
getting_virtual_card,When will I get a virtual card? I haven't gotten one yet,What is the best way to get my virtual card?,Is there an alternative to a physical card?,
lost_or_stolen_card,"My wallet was stolen, along with my cards. How do I put a freeze on my cards and order a new one?",Has there been any activity on my card today?,"I thought I left my card at a restaurant, but they claim not to have it and now I don't have any idea where it is. I'm so worried that someone might be using it fraudulently. Is there any way to look into this?",
lost_or_stolen_phone,I lost my phone. What do I need to do?,My phone is missing or stolen.,I think I lost my phone.  Is there a way to prevent anyone from getting into my account on it?,
order_physical_card,Where will I get my card?,"Can I get a physical card for free, or is there a charge?",Do I have to pay for a physical card?,
passcode_forgotten,Help!  I forgot my password.,Help! I've forgot my app passcode!,I can't log in,
pending_card_payment,My purchase from this morning still is pending.,"My card has been pending for a while, what should I do?","There is a pending transaction on my account, what does this mean?",
pending_cash_withdrawal,"I have a cash withdrawal that says it's pending, why?",There should be a cash withdrawal that I haven't seen yet.,What is the reason my cash withdrawal is still pending?,
pending_top_up,My top-up hasn't happened yet.,When will my top-up happen?,"Even though I added money ey to the card, I couldn't use it",
pending_transfer,there is a transfer pending.,why have I got a pending transfer? I'm confused!!,I am still waiting for a money transfer to process.,
pin_blocked,What if I type in the wrong PIN too many times?,"I locked myself out of my account, how do I unblock my PIN?",I entered in the wrong PIN.  Please help me unlock my account.,
receiving_money,How can I receive my salary in another currency?,What do I need to do to get my salary through this?,Will my employer be able to pay me with this service,
Refund_not_showing_up,"I made a big purchase that I regretted and cancelled, the merchant said that my refund was submitted. Can you confirm to me that all of my money was truly returned to me?",I am still waiting to find out the status of my refund. I have made previous attempts to find out what the status is to no avail. Will you please look into this for me?,"As advised by you, i requested seller to refund my money. A week has passed but i haven't got any update from seller. Please track the refund with the seller.",
request_refund,Canceling my order is what I need to do right now.,I have an incorrect charge and would like a refund.,How can I go about getting a refund?,
reverted_card_payment?,How come I can't find my payment?,Why did the funds for one of my purchase come back to my account?,Why wasn't my payment accepted by the app,
supported_cards_and_currencies,What currencies do you accept for adding money?,Is American Express supported for adding funds?,How can I top up my account and which currency can I use?,
terminate_account,"how to delete account, not happy","for god sake, just delete my account i am sick of this",please delete account,
top_up_by_bank_transfer_charge,How much does it cost to make transfers?,Will I receive all the money sent to my account by SEPA transfer?,Will I be charged a fee for a SEPA transfer?,
top_up_by_card_charge,Are there any charges for top ups?,Which US cards have top up charges?,Does it cost anything to top up?,
top_up_by_cash_or_cheque,How do I top-up my card with a cheque?,I can't find any option to top up with a cheque?,Can I use a cheque to top up my account,
top_up_failed,Trouble with my top up,There has been a red flag on my top up.,Looks like my top up failed.,
top_up_limits,How many top-ups can be approved?,How many times can I make a top-up?,How much can I top up on my card?,
top_up_reverted,I put some money in my account the other day but now its gone? Why is this?,Why did my money disappear when I topped up??,"I tried to make a top-up and it was canceled, why is that?",
topping_up_by_card,With my credit card i would like to transfer money.,"Can I add other people to my account, so they can top up?",How do i set up my credit card to send transfers?,
transaction_charged_twice,"I have been double charged for a couple of things this week, and would appreciate a refund for the duplicate charges.",I noticed a duplicate charge on my statement.,Why have I been charged more than once for the same transaction?,
transfer_fee_charged,I had an unexpected fee,Does it cost anything to buy something from another country? Like is there going to be hidden transfer fees or currency conversion fees?,I think I have an extra transfer charge.,
transfer_into_account,Can you tell me how transferring money into my account works?,HOW DO I TRANSFER MONEY FROM MY BANK ACCOUNT?,How would I use a bank transfer for topping my account?,
transfer_not_received_by_recipient,I tried doing an in country transfer earlier this week. I thought it would be there by now but I still don't see the money. Can you check the status on my transfer?,Why is it taking so long for a transfer to complete!,Why is my transfer taking so long to complete?,
transfer_timing,"How long does it take to transfer from china? Is there a way to transfer it quickly, I need it urgently?",When can I use money sent to my account?,How long will I have to wait for my money to be in my account?,
unable_to_verify_identity,The app does not believe that I am myself,I don't have the means to prove my identity.,"app malfunctioning, does not know its me",
verify_my_identity,What is the identity verification process?,"If I'm getting my identity verified, what all do I need?",What do I need for the identity check?,
verify_source_of_funds,How can I tell the source for my available funds?,need to know where money comes from,I would like to know where the funds are at.,
verify_top_up,Why does top-up require verification?,How is top-up verified?,i don't see the top-up verification code anywhere,
virtual_card_not_working,What is the reason I got rejected for using my disposable virtual card to pay a subscription to the gym?,I can't seem to get my virtual card to work.,My throwaway virtual card won't work,
visa_or_mastercard,This transaction needs both a Visa and a Mastercard.,Can I select my card scheme or do you choose it for me?,How can I get a Visa and Mastercard?,
why_verify_identity,It's requiring me to verify my identity?,do I need to verify my identity before I can use my card?,I answered so many questions about my identity. Why do you need this info?,
wrong_amount_of_cash_received,"Hi, Please help me to request cash back. As i have been withdrawn money from ATM, but i got wrong amount. in Application its showing the amount i have been charged through.","I am calling because the ATM didn't give me the right amount of cash, but my app shows the actual amount I wanted to withdraw. What should I do to get my money back?",Why did I only get $20 when I asked for $100?,
wrong_exchange_rate_for_cash_withdrawal,The wrong exchange rate was used for my cash withdrawal,Can i get money in my home currency at my ATM ?I am on holiday and bit concerned because i do not have any cash with me .Is it possible to withdraw without any additional cost.,The exchange rate applied was incorrect when I was traveling outside the country.,
